epoch,step,test_acc,test_loss
0,0,0.9374505281448364,0.3473595678806305
