epoch,step,test_acc,test_loss
0,0,0.6341640949249268,1.3758480548858643
